<?xml version="1.0" encoding="UTF-8"?>
<project-private xmlns="http://www.netbeans.org/ns/project-private/1">
    <editor-bookmarks xmlns="http://www.netbeans.org/ns/editor-bookmarks/2" lastBookmarkId="0"/>
    <open-files xmlns="http://www.netbeans.org/ns/projectui-open-files/2">
        <group>
            <file>file:/C:/Users/Mikael/Documents/NetBeansProjects/ProjetoEstacionamento/src/tela/TelaFormulario.java</file>
            <file>file:/C:/Users/Mikael/Documents/NetBeansProjects/ProjetoEstacionamento/src/tela/TelaControle.java</file>
            <file>file:/C:/Users/Mikael/Documents/NetBeansProjects/ProjetoEstacionamento/src/tela/TelaLogin.java</file>
            <file>file:/C:/Users/Mikael/Documents/NetBeansProjects/ProjetoEstacionamento/src/tela/TelaSaida.java</file>
            <file>file:/C:/Users/Mikael/Documents/NetBeansProjects/ProjetoEstacionamento/src/tela/TelaEdicao.java</file>
        </group>
    </open-files>
</project-private>
